filename,date
dabc25269152735.hld,2025-10-07
dabc25270163551.hld,2025-10-07
dabc25271170140.hld,2025-10-07
dabc25268104307.hld,2025-10-07
dabc25268104307.hld,2025-10-07
dabc25269152735.hld,2025-10-07
dabc25270163551.hld,2025-10-07
dabc25271170140.hld,2025-10-07
dabc25276123837.hld,2025-10-07
dabc25276124250.hld,2025-10-07
dabc25276124329.hld,2025-10-07
dabc25276125059.hld,2025-10-07
dabc25279081551.hld,2025-10-07
dabc25268104307.hld,2025-10-07
dabc25269152735.hld,2025-10-07
dabc25270163551.hld,2025-10-07
dabc25271170140.hld,2025-10-07
dabc25276123837.hld,2025-10-07
dabc25276124250.hld,2025-10-07
dabc25276124329.hld,2025-10-07
dabc25276125059.hld,2025-10-07
dabc25279081551.hld,2025-10-07
dabc25280160148.hld,2025-10-07
